<?xml version="1.0" encoding="UTF-8"?>
<LightningComponentBundle xmlns="http://soap.sforce.com/2006/04/metadata">
    <apiVersion>54.0</apiVersion>
    <isExposed>true</isExposed>
    <targets>
        <target>lightning__RecordPage</target>
        <target>lightning__AppPage</target>
        <target>lightning__HomePage</target>
    </targets>
    <targetConfigs>
      <targetConfig targets="lightning__RecordPage,lightning__AppPage,lightning__HomePage">
          <property name="messageType" type="String" datasource="alert,prompt,illustration" default="alert"/>
          <property name="messageTheme" type="String" datasource="error,info,offline,warn" default="info"/>
          <property name="messageTitle" type="String"/>
          <property name="messageBody" type="String"/>
          <property name="dismissible" type="Boolean" default="true"/>
          <property name="promptButtonLabel" type="String" default="OK"/>
          <property name="illustrationName" type="String"/>
          <property name="iconSize" type="String" datasource="xx-small,x-small,small,medium,large" default="xx-small"/>
      </targetConfig>
  </targetConfigs>
</LightningComponentBundle>